{"cameraMode":{"drawMode":0,"name":"Shaded","section":"Shading Mode"},"sceneLighting":true,"audioPlay":false,"sceneViewState":{"showFog":true,"showMaterialUpdate":false,"showSkybox":true,"showFlares":true,"showImageEffects":true,"showParticleSystems":true},"in2DMode":false,"pivot":{"x":-0.9344482421875,"y":1.25341796875,"z":0.076171875},"rotation":{"x":0.017119435593485833,"y":-0.9826079607009888,"z":0.14188218116760255,"w":0.11878325045108795},"size":3.765451192855835,"orthographic":true}