{"cameraMode":{"drawMode":0,"name":"Shaded","section":"Shading Mode"},"sceneLighting":true,"audioPlay":false,"sceneViewState":{"showFog":true,"showMaterialUpdate":false,"showSkybox":true,"showFlares":true,"showImageEffects":true,"showParticleSystems":true},"in2DMode":false,"pivot":{"x":-2.088623046875,"y":1.9952392578125,"z":1.78955078125},"rotation":{"x":-0.02671721577644348,"y":-0.9660560488700867,"z":0.11148934811353684,"w":-0.23150579631328584},"size":2.7397823333740236,"orthographic":true}